"pet_name","pet_species","pet_colour","castrated","pet_mood","gender","owner_name","owner_surname","owner_id","phone_number","timestamp"
"876567898765","678987656788765","Black","Yes","Good Guy","Female","8767898765","678876567898765","678765678765","678765678765","1525632289"
"9876545678765","67876545678765","Black","Yes","Good Guy","Female","876544567887654","5678765445678","76545678765","4567876545678","1525632317"
"Bill","Peanut","Black","Yes","Good Guy","Female","Alejandro","Alfredo","098765432","09876543","1526046020"
"lkjhgfdfghjk","Cat","Black","Yes","Good Guy","Female","kjhgfdfghjkl","kjhgfdfghjkl","kjhgfdfghjklñ","lkjhgfdfghjkl","1526124815"
"dsfsṕlogdisfkhsvdjghbkjbñlk","Cat","Black","Yes","Good Guy","Female","lkjhghj","lkjhgghj","0987654","876545","1527348151"
"lkjhgfdfghj","Cat","Black","Yes","Good Guy","Female","jhgfghjhgf","hgfdsdfgh","765456765","7656765456","1527348193"
"lkjhgfghjkjhgf","Cat","Black","Yes","Good Guy","Female","kjhgfghjkknbvc","ghmmnbvcvbnm","8765678765","7656787678","1527348302"
"kkkkkkkkkkkkk","Cat","Black","Yes","Good Guy","Female","kkkkkkkkkkkkkkk","kkkkkkkkkkkkkkk","999999999999","999999999999","1527348500"
"llllllllllllllllllllllllllllllll","Cat","Black","Yes","Good Guy","Female","llllllllllllllllllllllllllllllll","llllllllllllllllllllllllll","llllllllllllllllllllllllll","llllllllllllllllllllllllllll","1527348824"
"aopopufdgñajsdgnaksjgb","Cat","Black","Yes","Good Guy","Female","oiadhfobandfĺkbdanfg","oinslḱdvnbf.bnĺdajfgmb ","fdsa","fdsa","1527348904"
